,0,1,2,3,4,5,Date
0,0.01991530131678565,0.021838552023814795,0.022908774692208866,0.021404671376771045,0.08589872349190646,0.4645270108713643,2020-08-11
1,0.022996194922351942,0.01338158273290968,0.014568298109177258,0.013791799357901535,0.07507821805308887,0.32201465716120187,2020-08-12
2,0.0174947290923555,0.015843756396420994,0.015124329607861475,0.0155571000507021,0.08198616817156246,0.41867904315050963,2020-08-13
3,0.01881501950565878,0.013488530383298447,0.01757083610012322,0.014453693389144262,0.053699847551468206,0.3862151174885824,2020-08-14
4,0.01903515800736677,0.025585443509657857,0.02146316740638321,0.026480123888021456,0.1270367173749987,0.5443510073655886,2020-08-17
5,0.032568673496321754,0.02772642069518716,0.030470959107370854,0.028135063464799215,0.10408540483878848,0.38606751707215214,2020-08-18
6,0.03421913678911648,0.024621981085362177,0.025021787490487335,0.021625393608816768,0.07939498138674671,0.2795154670594302,2020-08-19
7,0.0199153715895114,0.00974177419476363,0.011565729051978835,0.009378445376564626,0.08417568808951952,0.3036885769603819,2020-08-20
8,0.01980538850305824,0.009634767183668735,0.010453672492862331,0.007502783567741145,0.06647854571735157,0.2800490302404357,2020-08-21
9,0.007812078373306108,0.0,0.008674208807868955,0.006068361724338334,0.049769384514257185,0.4212607603001587,2020-08-24
10,0.009682560001755935,0.0005352322383339603,0.0030026238318967557,0.0,0.06488114054460488,0.3132922227801086,2020-08-25
11,0.0,0.0005352255535931993,0.0,0.0046339398809355226,0.08179015923357698,0.5093961473575708,2020-08-26
12,0.006711810265600637,0.0016058008996028272,0.0077845857841079,0.005296038410849024,0.050094890643879925,0.4257405188963178,2020-08-27
13,0.010452770730216887,0.0011775104779880863,0.007339670166480183,0.0046339398809355226,0.06307329898280302,0.36591353141346306,2020-08-28
14,0.00891239659471288,0.016164829674450654,6.034792021658575e-08,0.002979000304157764,0.18249966021373218,0.3642084550225805,2020-08-31
15,0.0023106358583342423,0.01059811002429989,0.002224201109082502,0.003641030667847711,0.10628447247005715,0.46357450665710165,2020-09-01
16,0.0064917925500806994,0.004389176258927985,0.007117421966151838,0.008275106881230343,0.07073468061112805,0.46948223389559735,2020-09-02
17,0.01221323722206813,0.02868987443399129,0.014457006456480848,0.028466010480420634,0.22231277767434168,0.6650116993574342,2020-09-03
18,0.01925515810782652,0.01081222919700231,0.015791537563804137,0.01335035489380998,0.09168817326685572,0.3655767387398067,2020-09-04
19,0.014413874406473348,0.010812255627609235,0.007784607425336265,0.019418716618148313,0.06975746248627943,0.5123463468637727,2020-09-07
20,0.02695725092136081,0.02676303140277858,0.023353687457637884,0.02780404828295424,0.19837164255858317,0.45555583003070343,2020-09-08
21,0.02167571901627685,0.032115546639934434,0.023353609656557417,0.028466010480420634,0.2029705560122356,0.5350985483594479,2020-09-09
22,0.036749827513940514,0.026548933586206358,0.029136513154923493,0.03221740226429115,0.08073351186789972,0.38502368836027584,2020-09-10
23,0.027617368367860218,0.05138492789558213,0.03225026064893388,0.05152568960019288,0.3792079566904676,0.7601221526848365,2020-09-11
24,0.05127366840382985,0.07300937780315431,0.05593748176597335,0.08219844523750552,0.343794097752785,0.8370283187671861,2020-09-14
25,0.08197179793753184,0.07879016549582041,0.07728930620213814,0.08252939225312683,0.25233832890194835,0.4493647952417525,2020-09-15
26,0.08153168702937641,0.08360753139346189,0.08018070795676047,0.09312140090860133,0.1311475097400026,0.5834679847066448,2020-09-16
27,0.08208181571642459,0.09045885926654251,0.08718682062288619,0.09212842352928996,0.23995797385701675,0.564597284622782,2020-09-17
28,0.09693578764644606,0.0953832508740452,0.09841878880491373,0.10272043218476434,0.16331919725478108,0.5109000945865261,2020-09-18
29,0.10111679672468221,0.10715886922434659,0.0933031826687244,0.09256966349471052,0.2024594357067574,0.34108656580895663,2020-09-21
30,0.10001661855756006,0.09056594363989223,0.07995838839882419,0.09334212314064705,0.20956256612850283,0.3631113919144006,2020-09-22
31,0.09913632834412078,0.10137808626928668,0.09597216610965909,0.09907940151691663,0.19694063644338788,0.44142387533073807,2020-09-23
32,0.09561539093550497,0.08339339710580174,0.07662210305083661,0.07668175276083433,0.1580842514160953,0.21677502290053866,2020-09-24
33,0.07999126820228919,0.08735436308687683,0.0805144015624637,0.0969830856422711,0.19572032451471424,0.6496434276860956,2020-09-25
34,0.09913637761921501,0.09110118254769328,0.09252480823777898,0.09179740834744499,0.107828578016612,0.35516480132757905,2020-09-28
35,0.09913632247027582,0.09441970989911297,0.09452647571589934,0.09168704723142207,0.1296456737708958,0.35385817199186786,2020-09-29
36,0.09253457803438292,0.08863895505204233,0.09252475964842255,0.09621069416255823,0.10720760836926217,0.48624921091309314,2020-09-30
37,0.10221719600815327,0.09292109157624162,0.09797395230124151,0.09510742383344761,0.07833421846865837,0.3581663148796279,2020-10-01
38,0.09957649478564301,0.13178086301143543,0.10498004129181804,0.14122678207299222,0.3513078719174536,0.935139216914151,2020-10-05
39,0.14314802598964926,0.13028211301360648,0.12232839427924003,0.13262072817614046,0.2470314943983281,0.32368101826257767,2020-10-06
40,0.12554340668675512,0.13295845933795924,0.1278888219340405,0.14420578237714987,0.15643441208007994,0.6543360965280131,2020-10-07
41,0.17835733856857627,0.19975876962091244,0.17448473753934246,0.19749677267014332,0.9807444627359931,0.64356535698437,2020-10-08
42,0.2025638164300093,0.21763650187637185,0.19850559923382394,0.22960381381841155,0.5034555264475618,0.7182873791782354,2020-10-09
43,0.23557253808096312,0.22555826702918114,0.22486176971491822,0.23732711511952753,0.4807620482060271,0.4562646870490893,2020-10-12
44,0.2362326169340836,0.22962622165901148,0.23342469543735367,0.233906738517502,0.3253671123389473,0.4158841963166283,2020-10-13
45,0.2091654874243477,0.19387089711651795,0.17859934223542862,0.17763674792035078,0.6756384450931079,0.11712175023263421,2020-10-14
46,0.17835732637824264,0.17085475665224636,0.15780359347508144,0.15810773835240333,0.3518193052627125,0.2248390485679021,2020-10-15
47,0.1605326902205496,0.1576874942652473,0.15702523072153196,0.1538048136533129,0.22552662820414401,0.3673049889399647,2020-10-16
48,0.15954235280511642,0.15426170820519114,0.1571362962051428,0.16163840790422812,0.11138353142275827,0.46337735718230555,2020-10-19
49,0.1646036889481718,0.16068484002211825,0.16425362720826597,0.16947207032136702,0.1495918780687221,0.49311120361143385,2020-10-20
50,0.17527658306676352,0.16196952450058488,0.1581372615513409,0.16219014531811893,0.08487262512600542,0.30049998095342795,2020-10-21
51,0.15635155937785372,0.15790157630233992,0.16202953562594324,0.16439682230878727,0.08094845971261806,0.5286484446373888,2020-10-22
52,0.16933498321523077,0.1555464156875761,0.16303035621754947,0.15987310721142756,0.0729548968416993,0.3385357163695952,2020-10-23
53,0.162293157603001,0.1508361095096612,0.1527993173852138,0.1541357606689343,0.07315856604725976,0.3519144695786713,2020-10-26
54,0.1504099645082434,0.13980979309204022,0.1402328218673431,0.14144743613881428,0.0843489003658275,0.3419051727059272,2020-10-27
55,0.14479842314467206,0.14002383143922592,0.14768366159577606,0.14497803752441552,0.07582327114528016,0.44289205841079954,2020-10-28
56,0.14017725610922793,0.14034504509410006,0.14045524314918756,0.14895015154033175,0.059760389776511144,0.5391209626253934,2020-10-29
57,0.15250050189567388,0.1510501953178932,0.15669155024865733,0.1561217835937806,0.09894167326796978,0.4805371160253941,2020-10-30
58,0.1580019432789338,0.14409180732570792,0.14612681548426987,0.14310237571559203,0.03758218422107518,0.27789807425613366,2020-11-02
59,0.14424827726605682,0.13916742968134144,0.14379139750842718,0.14497803752441552,0.03690698503524377,0.4490256817426447,2020-11-03
60,0.14974979395782895,0.16507398448576838,0.15457860142198043,0.16108680682278465,0.13472364857366095,0.5659282498792393,2020-11-04
61,0.17164559708441385,0.159614335030548,0.16914673245699952,0.16649307001720925,0.04468361133813145,0.3850017637548969,2020-11-05
62,0.16768448268113256,0.15961431184333674,0.16770102418848365,0.16726539333069856,0.0433518756616303,0.4358300158714072,2020-11-06
63,0.17615674954956728,0.1677502333244697,0.17570798794682485,0.18094676340635352,0.058538834895767056,0.49121873757065904,2020-11-09
64,0.17780720097328218,0.16336114680490954,0.16269670490437094,0.15965238497938183,0.07642201496819967,0.24698248155499597,2020-11-10
65,0.16405354305927855,0.15693802508951693,0.1634751608011129,0.16947207032136702,0.06342404164298229,0.4991210306481075,2020-11-11
66,0.17175562809490086,0.16325415244317232,0.1697027988965002,0.16682408519905434,0.04019045929509665,0.3873766032940574,2020-11-12
67,0.1640534765546372,0.1537264043992449,0.16614410222404674,0.1637346556126501,0.03663160209874391,0.4369791865515227,2020-11-13
68,0.16988514555040335,0.15650985923037475,0.16703388531899932,0.16660349929945573,0.0,0.4050240453944918,2020-11-14
69,0.16955503482582357,0.1628259094370712,0.16836835295203467,0.17377513135290468,0.05436388778982259,0.48568322972084327,2020-11-17
70,0.1756066470801919,0.166786848391418,0.1641424187946513,0.1662724159513872,0.061305765896293565,0.3405828760549616,2020-11-18
71,0.17109543757594348,0.1606848402922737,0.16369758974541304,0.16031441534307178,0.09490269591148134,0.3245729149274167,2020-11-19
72,0.16251315699232194,0.15854385152422823,0.1646984662313693,0.16847909294205565,0.05001409875929998,0.5052178544209228,2020-11-20
73,0.17175564630536766,0.17759908083280862,0.17348390116942025,0.18955281730320517,0.08824135669083955,0.6310778487214227,2020-11-23
74,0.19596202258124862,0.18616318609281846,0.1935012165635781,0.1887804258234923,0.08602332253168088,0.3650709884763702,2020-11-24
75,0.19354138184889058,0.18059649073124406,0.1813795809440797,0.1766437705410394,0.05582324241927676,0.26359889614455356,2020-11-25
76,0.1783573207324528,0.17545796772284783,0.17615283292400175,0.18734607214631316,0.060924244060028734,0.535658190832816,2020-11-26
77,0.1868296335052282,0.177813173334733,0.17759856977096444,0.1777471090363737,0.10728832659742313,0.3444090363081247,2020-11-27
78,0.18209838783013932,0.1701054221880992,0.1740399103049628,0.1829327863311998,0.0915579210969238,0.44884616566977725,2020-12-01
79,0.18594938634092262,0.1838080245439535,0.19172191514020198,0.19628307305878623,0.07996173070266732,0.5487163956679568,2020-12-02
80,0.20696490515665855,0.19172986126520897,0.2001736343194257,0.19937236631274313,0.09158994322507982,0.36164931910839293,2020-12-03
81,0.20058329937780983,0.188304260149029,0.20239785853641212,0.20047577297430097,0.06148608601703412,0.43850356622181846,2020-12-04
82,0.2025638165141822,0.18905364135356462,0.19906163709767455,0.19529016384569842,0.07037079948721138,0.36459925498722434,2020-12-07
83,0.1988227127347063,0.19387089183906114,0.20106327449024808,0.2068750817142606,0.10186737067962981,0.5230438033779348,2020-12-08
84,0.21521716903423993,0.19975882390650024,0.19906163326862125,0.19760713378616612,0.16009633302070483,0.2606303696961685,2020-12-09
85,0.18980037826640261,0.1788836365797406,0.18849683969956754,0.18966304208678086,0.0566063850871384,0.43840945945122245,2020-12-10
86,0.19244112438972694,0.1831657951759209,0.18827449701564702,0.18436714000837906,0.0470883092771162,0.35549656761712667,2020-12-11
87,0.18385872471408538,0.17149698261820767,0.1759303498769571,0.1752093486976366,0.09899972373318648,0.3486822808294747,2020-12-14
88,0.1746163214914941,0.17010539438119865,0.17682007074408224,0.18260177114935483,0.05968507608809359,0.5254906733911953,2020-12-15
89,0.18473902025030875,0.18091767192529762,0.18949775929534896,0.19517973456345195,0.054478405107247704,0.5500407695745623,2020-12-16
90,0.19464163157353565,0.18155994254712726,0.19461326458073236,0.19186971907744932,0.03145247861860038,0.4108840065401423,2020-12-17
91,0.19585201690876541,0.19558373317201105,0.19906159068452567,0.20654406653241564,0.15328673263568798,0.5508611030508644,2020-12-18
92,0.2036640639806665,0.19911649886879956,0.17871062480893474,0.18536011738769043,0.08208843090227806,0.25114131728575895,2020-12-21
93,0.18495913448072243,0.19536971513453727,0.18115723552765195,0.20797848837581845,0.06847097947219541,0.6825892097713372,2020-12-22
94,0.22897078366424106,0.24225839269497995,0.23064457243050085,0.25509075582845075,0.4062629445401968,0.6996226383120867,2020-12-23
95,0.25636807183856625,0.24033146762468438,0.24610237651632727,0.24769846970917975,0.10579759433347911,0.3547932796179147,2020-12-24
96,0.24976634095624184,0.23968913683613235,0.25355331605071163,0.24924311633615825,0.03661310513052497,0.4335340854108152,2020-12-28
97,0.2509766284562791,0.24846739588191713,0.2559998890817663,0.25387712438331733,0.09860646290514506,0.4667866834680703,2020-12-29
98,0.2531771652518072,0.24011731812471482,0.25533255596193016,0.2525530636559373,0.05928598719589957,0.4325125733388633,2020-12-30
99,0.24481510017820107,0.24225847931215472,0.25177409559635655,0.2566355387878765,0.051977152810019085,0.5544223731529776,2020-12-31
100,0.25328721747613936,0.2490026581950252,0.26033694597175483,0.26071780942114475,0.039526741303575356,0.5105650917556662,2021-01-01
101,0.26418019896577616,0.2644182172387307,0.26645342722082754,0.2790331875439588,0.08292312385638052,0.5804627913804337,2021-01-04
102,0.2732025260377712,0.2897893767638384,0.27913103555055985,0.3008790988861504,0.2247211768483807,0.7002339364473997,2021-01-05
103,0.29718891583968754,0.3060613141921257,0.30092773038070797,0.3010998211181961,0.20013423145796788,0.4738068690965493,2021-01-06
104,0.3131430549569355,0.29664067276226935,0.302150962266744,0.30187207626546175,0.1067604954918865,0.3354943182783634,2021-01-07
105,0.302690322385576,0.3387120780111803,0.3097131011519555,0.35361848809770025,0.37052850524591147,0.9040115385251188,2021-01-08
106,0.3654069531196018,0.378000120932818,0.37143328934498476,0.3902491080108811,0.4289084724529689,0.6493002253497108,2021-01-11
107,0.3917039522777368,0.39887523142221404,0.38789199144789444,0.41430183267618836,0.1968948681860378,0.624559438139214,2021-01-12
108,0.4204215399834845,0.41322020514432223,0.41102314683862085,0.4171704718643231,0.26185732541720796,0.40962319438095035,2021-01-13
109,0.4006162832578536,0.4101156706771445,0.3603125274205645,0.4069094783906936,0.6518829241532048,0.48815301576548686,2021-01-14
110,0.40666788234273055,0.3959848069641071,0.3749919318028636,0.37204409100408986,0.22611173638249796,0.15202459240230404,2021-01-15
111,0.37640985776940905,0.3651538850551328,0.35831079904525,0.35659742023563434,0.19115079076518654,0.26890629710871167,2021-01-18
112,0.358805190489656,0.35348520786062176,0.35519700247903696,0.3537287810474995,0.13744792330053973,0.3930515326562196,2021-01-19
113,0.36100579547746625,0.3712558765930851,0.3669849969959782,0.3861668373776127,0.21793495316934092,0.6530863511575911,2021-01-20
114,0.3997361295119042,0.3832457456612778,0.3876696227401021,0.3880424991864362,0.1395985710433747,0.33959601099057457,2021-01-21
115,0.39281740360756034,0.3823168988561063,0.385757386063017,0.3879319335717425,0.0980511487482727,0.3956601439140901,2021-01-22
116,0.38774462605179283,0.3801710326027017,0.3739428271048808,0.3713447055498622,0.06105129217573457,0.2992212919194376,2021-01-25
117,0.37197508973202165,0.3882179696305197,0.3786240555859688,0.3916917098011169,0.2655403028866117,0.6041927331315871,2021-01-27
118,0.3835540607859981,0.37502093531769254,0.3564439070529857,0.3595124124558232,0.1294805544936244,0.2345077947337193,2021-01-28
119,0.37065175361277247,0.35163123775334304,0.33025143939656554,0.32854967770327825,0.13703020854139356,0.07826953814450005,2021-01-29
120,0.3236739779084701,0.3218038685914322,0.3138672387814603,0.3365115607870255,0.131961090923012,0.552199485737212,2021-02-01
121,0.34991978671598023,0.34701761733980274,0.3483075901927948,0.3516612313192169,0.11565214187250122,0.4520779056850876,2021-02-02
122,0.35477193622024306,0.35645936735540096,0.3629085265383505,0.36305105745581034,0.08423001890557721,0.5085043849901526,2021-02-03
123,0.3620501532234316,0.3499144758027183,0.35856164620769315,0.355089174372063,0.05933077029864567,0.3769670747492949,2021-02-04
124,0.3587418814646629,0.34240402278822146,0.3413971783593335,0.3454686025692396,0.07300993660078978,0.32240949309607014,2021-02-05
125,0.355102756037985,0.3516312071209222,0.3542147857077095,0.36703196491457213,0.10834028757344213,0.5400512764445925,2021-02-08
126,0.37693754209052854,0.38178042516263166,0.374054330038493,0.3759891430292335,0.26447799318372456,0.4285124264360142,2021-02-09
127,0.3807971406639301,0.3654718678369846,0.3736083922529563,0.37521497922770675,0.09076766137757723,0.3894592102623876,2021-02-10
128,0.3741806346251991,0.3576396109694653,0.37004182299710964,0.3707918093101702,0.07814747182536093,0.40783305755541793,2021-02-11
129,0.376386153431597,0.37630852621263455,0.3838625766496029,0.38184993860268246,0.17062133811358585,0.482770811099339,2021-02-12
130,0.38653155910735715,0.36708127986391026,0.3776208618530794,0.37676317049831287,0.06532988307025071,0.35459906674985037,2021-02-15
131,0.3896193412443676,0.37330428456455655,0.3709334594801167,0.372008167404248,0.10776446010388097,0.2893456835069107,2021-02-16
132,0.3673434150022915,0.35442077616955836,0.35911893510081794,0.35575270439267237,0.061143574461676994,0.33767682194020154,2021-02-17
133,0.35499244579311384,0.3493780312972514,0.36101374474576264,0.3618346993617324,0.07030960021008284,0.49605268426592913,2021-02-18
134,0.3612782158780752,0.3474467724149407,0.353768996430466,0.35519980815298036,0.07116521158717853,0.3845159112586179,2021-02-19
135,0.35587471515041824,0.3412238282081467,0.33125456407643006,0.33031900020327176,0.09130491129769223,0.21593825184813073,2021-02-22
136,0.3316138903253333,0.3265247537569964,0.32746499519488625,0.3232417783695213,0.07589475469991022,0.3629477190945768,2021-02-23
137,0.32720279970132304,0.3260955290149459,0.3284681117681343,0.34005013762078895,0.03969210917126088,0.5517901763603481,2021-02-24
138,0.3391126488262226,0.33296227279799495,0.34117429697319557,0.3360691619958035,0.07698154595505924,0.4103151458237526,2021-02-25
139,0.32775417647688243,0.3133277514498659,0.3134213346472059,0.3117412502857869,0.10111828489849879,0.2946361556357161,2021-02-26
140,0.3124257638356537,0.310860089967434,0.3160963978014635,0.32080899401514196,0.052226581065877256,0.5134583926477848,2021-03-01
141,0.3316138990010372,0.34176031525972195,0.3362701790366176,0.3561950350176708,0.1300587481756456,0.6552593557035545,2021-03-02
142,0.3609473777052157,0.34937800328015567,0.3585616361431767,0.36747429553957045,0.07396218519960071,0.4928836777446605,2021-03-03
143,0.35190476104884094,0.3657938208965337,0.35688984664593093,0.374772716768932,0.11246004760745813,0.6353989409455084,2021-03-04
144,0.37638614262974823,0.3565666632012422,0.33348373127545383,0.3350740032973366,0.3975782911110495,0.0869883308941064,2021-03-05
145,0.34352372398783537,0.3247007479363939,0.33025141443790873,0.3263380245782863,0.10685333020097136,0.28651827391512963,2021-03-08
146,0.33183435234376346,0.3196579689608061,0.3179910651342511,0.3314247926826559,0.10271743941119649,0.4335768999302876,2021-03-09
147,0.3457292539809055,0.3366102572107874,0.3468586180116523,0.3480120207045362,0.15230422045572445,0.45693882339820163,2021-03-10
148,0.35763910426715095,0.34111648787550264,0.34485239215813845,0.3446945751001601,0.0755980390230603,0.3251297705885883,2021-03-12
149,0.3428620789279251,0.332104012356757,0.3352670591830169,0.3472379932354567,0.06231204147843386,0.47538811659921587,2021-03-15
150,0.3482656512978015,0.3457301720378968,0.3527659059384023,0.3537622506632915,0.09137451661363805,0.48485102860444884,2021-03-16
151,0.35212522939233326,0.34691026373933553,0.3350440932185622,0.3324199513811228,0.10482753929537729,0.2658903730743173,2021-03-17
152,0.3394434982170469,0.3225549167520304,0.30517348136146105,0.31140955344170584,0.0859357634636062,0.19050108097004426,2021-03-18
153,0.30790444419487095,0.3000234967824513,0.294362163672669,0.3121836490770089,0.14847439970801124,0.4765519222798986,2021-03-19
154,0.3125359577828528,0.30560267467650093,0.3183254930542262,0.32091955962983565,0.05407985022409137,0.5134507206241024,2021-03-22
155,0.3272028283513615,0.3209455289404495,0.32389840743338993,0.3232417783695213,0.09967510706006535,0.40197753922290136,2021-03-23
156,0.31319768354340605,0.30388604606222536,0.3160963680245029,0.31328944155639304,0.04042913371378224,0.4383386744013823,2021-03-24
157,0.311764088304457,0.29583909292851995,0.2905725446656281,0.2881874342110735,0.1103731034599974,0.22381214816775044,2021-03-25
158,0.2987513544922007,0.2872556439809545,0.2970370223616089,0.29758680661828596,0.07627239116007332,0.4270383666656838,2021-03-26
159,0.2991925414307751,0.31461529215295003,0.3067338980717198,0.3289920083282766,0.11435454594620206,0.7116717287836933,2021-03-30
160,0.3318343520787671,0.3132204169780427,0.32534730489646424,0.3202560296092263,0.061649428333197406,0.33452802952885974,2021-03-31
161,0.3297391773153999,0.3197653390298987,0.3275764953703515,0.3252322320989022,0.0630471417470091,0.39718209475870736,2021-04-01
162,0.324445880144819,0.33060182245403114,0.33170040239010534,0.34524747133985223,0.18844214961323846,0.623286625998072,2021-04-05
163,0.3498094662015384,0.3327476541746939,0.3454096498721799,0.34900717940300297,0.06970915308247418,0.4299521773737763,2021-04-06
164,0.34330315810710843,0.3544207927298568,0.3477502665617406,0.37300339426893847,0.12078186951665941,0.6972012085217479,2021-04-07
165,0.3806869888239087,0.36933453406071326,0.38475424673978664,0.3820711379982935,0.11202563125530592,0.44813903091484153,2021-04-08
166,0.3827821298989458,0.3809220425084231,0.3847541733895923,0.39976409033333427,0.1008185401014179,0.5791970817571243,2021-04-09
167,0.39844141956754264,0.3782397359293258,0.3611251628370613,0.36106060372642934,0.13200174005924226,0.12697203884043884,2021-04-12
168,0.3587418673373748,0.35130927589145056,0.3236754524297526,0.3308718964429638,0.1811126453947788,0.19661617348438998,2021-04-13
169,0.3298494348164538,0.34465722779195984,0.32902543803951734,0.3568585650382802,0.23947220056672355,0.6772822486589387,2021-04-15
170,0.3801355518227707,0.4287745035775271,0.37583758685948265,0.4420062219402262,1.0,0.9579748680909744,2021-04-16
171,0.4271133301426786,0.43800169669962485,0.4317892947376899,0.4498574712430562,0.3964613191382192,0.6187339916754487,2021-04-19
172,0.4557852380275931,0.43714330968561177,0.4467245734185531,0.4439966756696071,0.1563490903257321,0.3432873712724419,2021-04-20
173,0.44608089495714265,0.47351548311299674,0.45519536867021604,0.4805990747662138,0.3855148151876664,0.708105824493042,2021-04-22
174,0.4724370282886845,0.458172742470348,0.46132561344929457,0.4563818650033381,0.11828080136047826,0.3116770303329935,2021-04-23
175,0.463284051457699,0.450662229174014,0.46723281459986465,0.46655526487963017,0.07886210481650925,0.4608021066177221,2021-04-26
176,0.4676951122048356,0.45742164445591704,0.4761494188279892,0.4770604979324503,0.059479629921425,0.5077733706059222,2021-04-27
177,0.4775097047464232,0.4707258980614316,0.47670665933866807,0.48645987033966287,0.08163241480525694,0.5038119330156786,2021-04-28
178,0.4926175950466398,0.4698674959469654,0.4866263999652233,0.48767629659996425,0.06345400139140658,0.39771657552062223,2021-04-29
179,0.48997098263784866,0.5106387085959031,0.49465134191139504,0.49409005657932903,0.26117027675497145,0.4662849857916305,2021-04-30
180,0.48214136317081624,0.4767342832172282,0.4811649919959756,0.4821472660368199,0.07227986338281063,0.43521992707797624,2021-05-03
181,0.4807077712714891,0.46021126282750024,0.46901614658928203,0.47020454366053455,0.06770117782322338,0.35494748242255353,2021-05-04
182,0.47519394974718443,0.4767343458504042,0.4812764857497386,0.48933512165148774,0.1022659439768909,0.5438512587429163,2021-05-05
183,0.4948231631431874,0.5170762457709727,0.49008159432054466,0.5373273468846879,0.21787846790302776,0.7555491598876123,2021-05-06
184,0.5395954097696882,0.520831479807007,0.5352219039800102,0.5438516724787462,0.12813766907669857,0.46536833295699104,2021-05-07
185,0.5475352681841248,0.546474421703714,0.5480395249278734,0.5675161223343769,0.10859930037082141,0.578173630084023,2021-05-10
186,0.5483073252408144,0.5353160120859578,0.5498228593541571,0.5508183968640267,0.06353102759156566,0.4524983387729299,2021-05-11
187,0.5527183636628439,0.5337066009807073,0.5293146841636939,0.5269327476127849,0.06557138405401505,0.2497735074921695,2021-05-12
188,0.5252594909293447,0.5033428418443843,0.5023419537385808,0.5066963771424474,0.05570853175375179,0.29851586474740877,2021-05-14
189,0.5052994985050376,0.4932574185649169,0.5073575806827132,0.5096820577365188,0.046066639503406955,0.46764448074043075,2021-05-17
190,0.5131290899426855,0.5170762925358704,0.5205095435518711,0.5279279744774753,0.07947070939252109,0.544576111483122,2021-05-18
191,0.5270239161203776,0.5235138521581119,0.5299834446646697,0.5358898575612226,0.06206615793773959,0.4996101467414975,2021-05-19
192,0.5440065021829634,0.5217971685476824,0.5265282575836051,0.5283703051024736,0.05103526214512867,0.3216783665432467,2021-05-20
193,0.5307733145770255,0.5194367835961607,0.5389000188562926,0.5382120763009081,0.04095537199925821,0.4889353317175345,2021-05-21
194,0.5349637698529104,0.5250159033751832,0.5400145541409785,0.5430776450096667,0.061572807243342784,0.49359925259922927,2021-05-24
195,0.5470942508856469,0.5386419960153405,0.5535009539224515,0.5489383724168923,0.0663397770239739,0.4477310408657655,2021-05-25
196,0.5415804669697186,0.5506588812813725,0.5513832767869019,0.5703912373137546,0.0743372620992039,0.6428332298667603,2021-05-26
197,0.5688187165044278,0.5818809778745108,0.5743435043003354,0.6005800127634439,0.26389146711930506,0.6585095301406058,2021-05-27
198,0.594733745875045,0.5717954929886168,0.5912851765692245,0.5957144440546852,0.04722650713324669,0.4407619413805181,2021-05-28
199,0.5940720570546778,0.5723319005810373,0.5877183964221514,0.5964884033575412,0.042692761196295885,0.4506937724145512,2021-05-31
200,0.6011298250522976,0.5861727045860793,0.6068892217746703,0.604782051451593,0.04802216218528431,0.4590188471567017,2021-06-01
201,0.601239984902713,0.5818809153472763,0.5920652212704575,0.6052243139103678,0.03649975710875133,0.46129688700687277,2021-06-02
202,0.6095107736943128,0.5923956824974207,0.6038797435371522,0.5964884033575412,0.04501096808528132,0.34500590676081644,2021-06-03
203,0.6046586635438604,0.5829539702304095,0.608672558597913,0.6012435427840531,0.03703512879018209,0.410500803865388,2021-06-04
204,0.6073053078299857,0.5951853261926568,0.6136881293347897,0.6168354757750193,0.03313794004024992,0.49900676065871064,2021-06-07
205,0.6189945885165093,0.6044124512519008,0.628066176263668,0.6220327413278591,0.043093534979074304,0.4543264955603856,2021-06-08
206,0.6256112151631736,0.5995843197045913,0.6125735797647308,0.6078784339928053,0.050248933837145696,0.3143190282819769,2021-06-09
207,0.6091798336517944,0.6044123375745424,0.620041033492209,0.6301051218600763,0.045772879290369016,0.57665048117934,2021-06-10
208,0.6300222743758848,0.6118156924243418,0.6333046584270122,0.6302158238072172,0.0447749729188365,0.4349594384778226,2021-06-11
209,0.6275961464176654,0.6200770690753358,0.63664828719389,0.6463605848716519,0.047903529315448105,0.5598050462737543,2021-06-14
210,0.6443582346623684,0.622652220561342,0.6455649997110741,0.6381777750571881,0.02843140535140032,0.39255491004680987,2021-06-15
211,0.6408293757292067,0.6195406491483001,0.6377629065196905,0.6323168431512919,0.043715333261137766,0.3769622549717132,2021-06-16
212,0.6245083662168536,0.6172875062398845,0.6289577050003702,0.6399469612247345,0.033606717111861105,0.5377418562331793,2021-06-17
213,0.6410498515045502,0.6182531682016624,0.6211556783085875,0.6202634188278654,0.08523773078788781,0.295372050942394,2021-06-18
214,0.6074155226919515,0.581344528896898,0.5969694589577398,0.6033445621281278,0.04273526095005327,0.40604650868819475,2021-06-21
215,0.6085181839718359,0.6139613812612018,0.6127962745821348,0.6351918217982223,0.04606913461460025,0.6159847392070141,2021-06-22
216,0.6410499600998609,0.615892759725929,0.6041028576538351,0.5989213922105913,0.09661383580220137,0.15348700209439792,2021-06-23
217,0.6011298938417944,0.5937905163706453,0.6058861456110641,0.6186047982750128,0.07291468043693061,0.5539830315427414,2021-06-24
218,0.6186635398450979,0.5947559619436297,0.6087837978394318,0.6151765825572723,0.03950359477390766,0.4101546526571588,2021-06-25
219,0.6184431547011784,0.5943268768726003,0.6171432287322888,0.6149555876603322,0.023115115204992168,0.41014825314518355,2021-06-28
220,0.6141423308916762,0.6006571511268687,0.6098984753879263,0.6043396526603709,0.06609409603843186,0.3671851387346004,2021-06-29
221,0.6076360066932542,0.5883185286742102,0.6121276458113213,0.611085245816264,0.03263053017687834,0.457434902131848,2021-06-30
222,0.6079669441830384,0.5838123473195401,0.6032110942693455,0.5971519333781504,0.03296246282905798,0.35998487323995626,2021-07-01
223,0.5971597524512575,0.576087171251955,0.593402737882519,0.5954931764928505,0.031378232948258186,0.422477197437976,2021-07-02
224,0.6033353765804692,0.5773747890550714,0.5977496398228884,0.5905170421693983,0.02476629877065411,0.3460046716346087,2021-07-05
225,0.5893301315702397,0.5675037561028734,0.589501710209584,0.5822233940753464,0.03171092057873248,0.38472856521995097,2021-07-06
226,0.5838163383327435,0.563426751879308,0.5744549725179887,0.5812283035431031,0.042614335524176,0.41605166457626275,2021-07-07
227,0.5834854612103835,0.5646068181054328,0.5809194379082575,0.5786847490753594,0.035136579348393704,0.4006205537901598,2021-07-08
228,0.5691496804873901,0.5517318812353383,0.5703311397823038,0.5671844254902959,0.045808455340741315,0.4203647716116728,2021-07-09
229,0.5765380299712408,0.5543068055176085,0.5702195839211494,0.5672948547725424,0.028692066211154506,0.36932817179742855,2021-07-12
230,0.570472863371013,0.5486202914208774,0.568882054898222,0.5650832698137741,0.031516808293536,0.39622222710808624,2021-07-13
231,0.5666131844311242,0.6211500174874603,0.5755695092297134,0.6465818524334866,0.2633110269165046,1.0,2021-07-14
232,0.6432553715402385,0.6562347398201293,0.6500232044664528,0.6779869859772535,0.2791298293268446,0.664031635417193,2021-07-15
233,0.6851603379710123,0.6768347332113939,0.6707541641535378,0.6820783227182617,0.3329139858568996,0.4134031924472376,2021-07-16
234,0.6687292895928594,0.66556919967366,0.6745439319619465,0.6733425484978824,0.09307049248909845,0.4633206661566303,2021-07-19
235,0.6756766852537592,0.6530159461122568,0.655707495214117,0.6607361597685403,0.08999235391128567,0.3366473397242927,2021-07-20
236,0.6787643610879472,0.6677149834344202,0.6767730154944308,0.6963434683329038,0.1039857661179994,0.5466443472117744,2021-07-22
237,0.6994964267434258,0.7037652685352983,0.7050832855437411,0.7294073587619706,0.12252941409246536,0.6229361295721205,2021-07-23
238,0.7294916441284325,0.7009757374933968,0.7152259464709049,0.7101662151563236,0.04926381606136036,0.3129405773874919,2021-07-26
239,0.7047897608556046,0.6884225207684508,0.7060864367994674,0.7123778001150919,0.02977464063631633,0.48099751553616626,2021-07-27
240,0.7093110508980347,0.6856327890678057,0.7035228368080019,0.7134835925944761,0.03521410272938096,0.4592776769405747,2021-07-28
241,0.7151556922308067,0.6956111106597606,0.7144457978895237,0.7101662151563236,0.04681996052862991,0.4016516856469776,2021-07-29
242,0.7046793449907405,0.6848817838021063,0.7079811292848152,0.7028677939269622,0.02236359876203447,0.42157447346814175,2021-07-30
243,0.7032459086725111,0.6900319544932375,0.7018510412352333,0.7141471226150854,0.03567416072239417,0.5020373315298329,2021-08-02
244,0.7380932764792796,0.7084862222274578,0.7283780017137186,0.7299603231678863,0.04066170385674401,0.3826373357969338,2021-08-03
245,0.7369904589360792,0.7084861715862852,0.7287122410354282,0.7242099568766837,0.03461956652939627,0.3539338019580193,2021-08-04
246,0.7237572599521458,0.7310175904628967,0.7358455394150526,0.7332777006060388,0.09708949054193576,0.49219817788502696,2021-08-05
247,0.7375418445303321,0.7136362683453267,0.7331705466084574,0.726863940626674,0.04162469708567514,0.3669276561410127,2021-08-06
248,0.7292711004808992,0.7127778729092397,0.7313872498851038,0.7242099568766837,0.03588456949029224,0.4014309267781724,2021-08-09
249,0.7257422856567706,0.719108139653588,0.726037213061607,0.7398018898676498,0.05780684661089415,0.5203339827529496,2021-08-10
250,0.7334617296548966,0.7138508633882895,0.7379633404031084,0.7340517962413419,0.032531011147770114,0.4364524617471606,2021-08-11
251,0.7336820574778062,0.7190007889089253,0.7428673279752019,0.7442250597851866,0.029492637829159722,0.49800209057716355,2021-08-12
252,0.742504214274704,0.7437853693110897,0.7547932663188756,0.7655673590673552,0.07011577334350995,0.5744218921128266,2021-08-13
253,0.764780098233661,0.744751102806399,0.7648245230735714,0.7623605472438965,0.02599320294882737,0.41794780898663875,2021-08-16
254,0.759597164946169,0.7794065232772521,0.7663849670101054,0.8084730888610802,0.1019545706726619,0.7290831232601955,2021-08-17
255,0.8081188125629408,0.7840201208056551,0.796255479627744,0.7963090989229601,0.05684742571828405,0.3631042616748816,2021-08-18
256,0.7788955632097652,0.7684627390953404,0.7815431711740718,0.7756303296614008,0.049915583298900494,0.41293837743081285,2021-08-20
257,0.7866148947831126,0.7791919658256999,0.7938034766727197,0.7950926044964352,0.05788596281194207,0.48283027632324443,2021-08-23
258,0.8086701921154777,0.7771533694959812,0.7951409008015718,0.8054872719345617,0.03438351612063721,0.41362624453563773,2021-08-24
259,0.8064646350616362,0.7917451018410534,0.807289776589366,0.8012852332464123,0.05209788488779651,0.40190685193844317,2021-08-25
260,0.8002892375154116,0.7825180315171317,0.7993763788603382,0.7953138720582696,0.03184819772962559,0.40301655047169954,2021-08-26
261,0.7943342894089049,0.7771534171373079,0.7978159582637693,0.808583654475774,0.03335081629818416,0.5166299849215619,2021-08-27
262,0.8085599634215921,0.7846638671610785,0.8095189750491661,0.8030545557464058,0.03335358762094867,0.4000293444375615,2021-08-30
263,0.8055823215884661,0.7912085926338742,0.805840862546671,0.821853300560831,0.06487902292255891,0.5277346884862052,2021-08-31
264,0.8258733477669447,0.8015087619741607,0.8199960335795088,0.8242861530814337,0.0366070560971154,0.4229632212601091,2021-09-01
265,0.8285199871148305,0.8222162489245511,0.8322563413433982,0.8450754879576868,0.034890456424337725,0.5276824670048679,2021-09-02
266,0.8461642531881499,0.821572537802776,0.8517614340520193,0.8531478684899042,0.027858036164822957,0.4718234684009948,2021-09-03
267,0.8542145917789159,0.8902398580217447,0.8677000184693201,0.9224825975039438,0.10670213198688909,0.81900843948473,2021-09-06
268,0.9277689306230057,0.8930293686505445,0.9035892335476859,0.8955006338777135,0.05208307074052709,0.2573996965867685,2021-09-07
269,0.8955681944986347,0.8616999648408806,0.8751675166379226,0.8688505034280113,0.054938380236789555,0.2844237337253903,2021-09-08
270,0.8635880285330639,0.8384174392260767,0.8617926418468335,0.8691822002720925,0.046555349843407375,0.4634086725344867,2021-09-09
271,0.8667858243047484,0.8540820082371111,0.8703747034018866,0.88775981385713,0.04455796269438643,0.5497665640351026,2021-09-13
272,0.8858637941951364,0.8623436839612045,0.8974590201644294,0.89373131137772,0.0268118203894852,0.4754084198945286,2021-09-14
273,0.892480387873194,0.8727510079674635,0.8974590209129233,0.8950582350864914,0.03126875188848153,0.44595522608149996,2021-09-15
274,0.905162269507618,0.8731802807869692,0.8863133417542325,0.8813461902102125,0.035986721736379366,0.3012002084267823,2021-09-16
275,0.8867459510071753,0.8595539973680245,0.8812975636636414,0.8755958239190099,0.042891412558312636,0.36992317957264365,2021-09-17
276,0.8566404515054857,0.8511851776092024,0.8604551046169585,0.8695138971161734,0.034960908789101915,0.5048054980428198,2021-09-20
277,0.862705604886224,0.8479663460116592,0.8687027985821997,0.8807930894718495,0.027016336643864054,0.5338526633511331,2021-09-21
278,0.8814527438605664,0.8597686483833734,0.8818549723145183,0.8820097202308218,0.037218680586305834,0.43488341343951314,2021-09-22
279,0.890054279031794,0.8651331873931397,0.9005798079596236,0.89561106315996,0.02285237355140151,0.4624748672797164,2021-09-23
280,0.9068163561638405,0.9126639256241557,0.9086047946684465,0.9004767682011657,0.1047518204966553,0.3969461774123019,2021-09-24
281,0.9014127763793043,0.8680301249021917,0.8551051596553977,0.8504940210723612,0.07043247753106335,0.1520839332987583,2021-09-27
282,0.8481492746546271,0.8155641720977252,0.8199960167714763,0.8188676199667596,0.06779355217968955,0.26528127866340184,2021-09-28
283,0.7953267723771296,0.7996848166179716,0.8023856583010097,0.8214110381020562,0.07448803678887697,0.5865060308631159,2021-09-29
284,0.8147353917428712,0.8002212533856575,0.8139772462351876,0.8067036300286395,0.04847252515214792,0.3854036532709991,2021-09-30
285,0.806023466327483,0.7852002488158679,0.8087387435976497,0.8114586331227044,0.0318528288769696,0.46415217683578014,2021-10-01
286,0.8172719007240692,0.7934618641137988,0.8215565100990779,0.8220745681226654,0.04141221673099297,0.4601414658256208,2021-10-04
287,0.8096626245479872,0.8061222701075402,0.8173208997263689,0.8349018154165005,0.04333604873859976,0.5798892337877953,2021-10-05
288,0.840429989507764,0.8081610324512919,0.8181013648047869,0.8103529769757675,0.037632509969350275,0.25988176822141595,2021-10-06
289,0.8152867606762437,0.8040837446601125,0.8236741221688934,0.8262766068108146,0.027391910724295428,0.49624207561349276,2021-10-07
290,0.8310564442649402,0.8448549899878545,0.8417302776571182,0.8665283528545492,0.09480263366628307,0.6364868972470608,2021-10-08
291,0.8372317623602332,0.842172534846971,0.8194386231248328,0.8480610322193111,0.08711919194047045,0.4941924417471274,2021-10-11
292,0.8439586857064809,0.8338038767982626,0.8362687684053042,0.8619943446574246,0.07909754755981165,0.5350065266481895,2021-10-12
293,0.872630549729374,0.860197775463395,0.8662508427591274,0.8918512869305856,0.08022748306238421,0.5394445446241599,2021-10-13
294,0.9432076725090364,1.0,0.9531878775199033,0.9706960221327549,0.538056098827911,0.5782426512899139,2021-10-14
295,0.9917292905419168,0.9591215051736129,0.969683587810174,0.9740133995709074,0.09069134412045093,0.3394163011205254,2021-10-18
296,0.9875387313943622,0.9787560946935184,0.9821667846268788,0.9779943070296692,0.09375847106362466,0.3816193450641513,2021-10-19
297,0.9798193527836476,0.9633059238442864,0.9548596604634608,0.9567627096946413,0.06725888944129157,0.3109230634678095,2021-10-20
298,0.9695636439823883,0.9338004088451676,0.923540042685738,0.9442668865799929,0.06637561087181267,0.2984266498248294,2021-10-21
299,0.9536837402332332,0.9262898785525085,0.9158493903660568,0.9135252830568353,0.042627814648851216,0.21830737471561024,2021-10-22
300,0.9117788285485953,0.8805834587369327,0.8769508448580875,0.8810144933661314,0.07422464143456778,0.2638458961509801,2021-10-25
301,0.8859740554774567,0.8689957800661735,0.8863132750610138,0.8820097202308218,0.04923693146842892,0.4097620464021018,2021-10-26
302,0.8795780902352031,0.8598759087054982,0.8828581114962163,0.888533909492433,0.05124964835965222,0.48169752573522284,2021-10-27
303,0.8858638162212302,0.8535456391529012,0.8640217715602069,0.8571289122811133,0.040782905494192494,0.2723251472103162,2021-10-28
304,0.8577432850935216,0.8273663551127427,0.8400583835021392,0.8346808205195603,0.055353489400113955,0.3014958520946683,2021-10-29
305,0.8419736356971894,0.8221089467356061,0.8473030762698394,0.8539219641252073,0.03362407240558568,0.500354888456556,2021-11-01
306,0.8549863519424299,0.8307996447949374,0.8553279965402042,0.8502727535105264,0.030295317862158534,0.405240785458064,2021-11-02
307,0.8602796546521743,0.8326235405949193,0.8533218166008326,0.8473976385311489,0.024733355937260712,0.35918555813515557,2021-11-03
308,0.8505754038579718,0.8236112087537982,0.8470803591471735,0.8500517586135864,0.0003099370040586715,0.42900287094702416,2021-11-04
309,0.8460540665486309,0.8307997315579846,0.8473031944201267,0.860335724104572,0.036855720167626546,0.5134387224790447,2021-11-08
310,0.8684400133565284,0.8420653375583086,0.8678113020453727,0.8605568553339594,0.03123789905597698,0.387605526659893,2021-11-09
311,0.8525603188654984,0.8265079407183386,0.8563311389824083,0.8476187697605363,0.030350615418715476,0.4039177298505302,2021-11-10
312,0.8389962263387027,0.806658799696567,0.8234511336899136,0.823733188675518,0.048656104569428794,0.34460025650192144,2021-11-11
313,0.8351366420622623,0.8340184891921353,0.8435135909386687,0.8640955003339464,0.048926377591861206,0.5984570431474252,2021-11-12
314,0.8650214344702185,0.8415288427120914,0.8688144143442554,0.8615520821986499,0.03654054435076719,0.4123626206538045,2021-11-15
315,0.8580741322063252,0.8474299705180487,0.8632415756349548,0.8671917465427116,0.045246263515745726,0.4834868944979432,2021-11-16
316,0.8648010541376083,0.8458206606625526,0.8707092580454375,0.8679658421780146,0.03386588642913073,0.44970108107792056,2021-11-17
317,0.8691018109029547,0.8414216384340724,0.8422875224323018,0.8450754879576868,0.029204834579007626,0.2970272437224103,2021-11-18
318,0.8571918267730694,0.8296193983192343,0.8261261133651813,0.8287093229989703,0.046421727892306655,0.2707833726548665,2021-11-22
319,0.8234472171214133,0.8049421030467824,0.7994877147390168,0.8259447736342863,0.035154551514627326,0.4466253708473993,2021-11-23
320,0.8269760673401025,0.8020451797263607,0.8152032580456777,0.8120115975286201,0.02986338741414723,0.3456653032122954,2021-11-24
321,0.8108757644277829,0.7895993174726795,0.8149804435804123,0.8124539963198419,0.0237674440727271,0.4414669597890353,2021-11-25
322,0.799848019186653,0.7737200129025829,0.7852212375541171,0.7787265758701657,0.031205416575202274,0.3078980010875566,2021-11-26
323,0.7657725927952324,0.7703938922051009,0.7502235877174249,0.7989629463405031,0.040868153592121356,0.632976449328203,2021-11-29
324,0.7967603017543019,0.7975389809206886,0.8094075546546092,0.8136703544139198,0.11670728848864155,0.532174258122153,2021-11-30
325,0.8232266567444122,0.7985046233033936,0.815537704019789,0.8082518212992457,0.036621787380913456,0.3454015995684653,2021-12-01
326,0.8106552632098585,0.8031181486702349,0.8060638360498075,0.8347913861342541,0.04010579124146734,0.573330222809656,2021-12-02
327,0.8279686038744771,0.8156714301473195,0.830361616617796,0.8214110381020562,0.054812004235907,0.39426259119354656,2021-12-03
328,0.8114272132612022,0.7947494765059039,0.7930234220923372,0.7854721690260588,0.03642043835255118,0.28060445679420914,2021-12-06
329,0.7910259540973161,0.7740418693121137,0.7926888983683845,0.8029439901317122,0.03249447756395094,0.5030337506558258,2021-12-07
330,0.8152867466529505,0.8136327920280985,0.8266834078294162,0.8235120574461307,0.0638148810162494,0.48013531697898437,2021-12-08
331,0.8213520277533386,0.8020452164391833,0.8257917643789191,0.8268295712167303,0.024707677468190234,0.46394849446820086,2021-12-09
332,0.8222343857951298,0.7983974649037159,0.8196616898473962,0.8158820757051354,0.03234772635616521,0.395337674243892,2021-12-10
333,0.8252116667220097,0.821250566182934,0.8310303112481242,0.8316951399254889,0.05351689421374876,0.46965594183840204,2021-12-13
334,0.8307255652099115,0.8112725092635119,0.8289126614407388,0.8350126536960886,0.032735343261101495,0.45681607579201333,2021-12-14
335,0.8322693727460062,0.8001139706665691,0.8202188259734885,0.8117904662992327,0.025895111012837077,0.3142052684225678,2021-12-15
336,0.8263144516428185,0.8069807572851274,0.8292470369267776,0.829262287404886,0.05035684969801881,0.44918001444308386,2021-12-16
337,0.8616030253739309,0.8647041390581346,0.8530989253767481,0.8878705158042709,0.474630611677706,0.580078908976531,2021-12-17
338,0.8782547374809442,0.8662062403685679,0.8818550129554051,0.8771441515220632,0.1141661512405297,0.4256099505297876,2021-12-20
339,0.8968914737399956,0.9082648340735479,0.8996881962562621,0.9321030329743202,0.11906381512960666,0.625610492539836,2021-12-21
340,0.940781642105218,0.9056899640825952,0.9224256145053303,0.9207132750039503,0.04985282802992078,0.3240682412596848,2021-12-22
341,0.9279894487885518,0.9187795959994188,0.9400358240182275,0.940396681068372,0.05269391263026575,0.498438896086342,2021-12-23
342,0.9448617559257289,0.9196379304814054,0.9423764824791877,0.9490220260065051,0.0537873329631239,0.45360503114655115,2021-12-24
343,0.9494933074623293,0.916633677715529,0.9446056241696706,0.9515653078093543,0.040005434370593104,0.4424032967288166,2021-12-27
344,0.9564407632784362,0.9305816867673936,0.967788695830856,0.9645033933827775,0.03986451122695998,0.47403993698773356,2021-12-28
345,0.9614032154599221,0.9359463207190138,0.964444976422545,0.9606330515387095,0.029462254556326235,0.4272484947307526,2021-12-29
346,0.961072263830733,0.9571902266765505,0.9732500826435045,0.9836338350412835,0.07636727904183753,0.5504416787376194,2021-12-30
347,0.9846714851133556,0.9548297263318665,0.9846187137025678,0.9863983844059675,0.03245980380471127,0.4401681160380865,2021-12-31
348,0.9895237674835282,0.9719966169758089,1.0,0.99380750758247,0.03582614153592821,0.453372058277831,2022-01-03
349,1.0,0.9640569045955864,0.9900802096018296,1.0,0.040190238325839685,0.4311042030041248,2022-01-04
350,0.9939347266703982,0.9592286791080472,0.9710209305944367,0.9823069113325121,0.06082537873163904,0.3710118699376192,2022-01-05
351,0.9626162913696845,0.9407745443425996,0.9642221766600497,0.965166923403387,0.052409930306848776,0.4447614096504055,2022-01-06
352,0.9674684420663549,0.9606236193211436,0.98127505842963,0.9778837414149756,0.05350145398691792,0.48604825107664795,2022-01-07
353,0.9696739337800337,0.9338004479352243,0.942042010326081,0.9380743941624629,0.11987276516527202,0.26533960656987465,2022-01-10
354,0.9387965141397747,0.9111617633023578,0.9398128723559501,0.9395120198183752,0.06439860813674728,0.43527476572369356,2022-01-11
355,0.9498242075060828,0.9182430818468977,0.926883860026137,0.933319391068398,0.10110355361470073,0.3435983397635058,2022-01-12
356,0.8686606969284139,0.8415289234761857,0.8484177075583336,0.8413157117283124,0.276245867483595,0.27835968104592834,2022-01-13
357,0.8378935484094732,0.8055859595607574,0.8227825022437264,0.8193100187579815,0.11516210571695898,0.3254997025193116,2022-01-14
358,0.816389556864578,0.8107359905351105,0.8150918388210818,0.8344596892901729,0.08728005755954518,0.5374035014107345,2022-01-17
359,0.8371215366130087,0.8071952211353043,0.8108564688984817,0.8049343075286458,0.05907012785299623,0.2473985186333957,2022-01-18
360,0.7976425569603778,0.7678189907489673,0.7837723028811184,0.7780631821820035,0.07312370814697262,0.31681447725201506,2022-01-19
361,0.7748153635108901,0.747969870583496,0.7648245146961846,0.764903965379193,0.07056579564943574,0.373042663717176,2022-01-20
362,0.7535168914247394,0.7256418279879381,0.7453822745622326,0.7446346024566289,0.08354575998021,0.3785293367259509,2022-01-21
363,0.7435758120268421,0.7138204037010428,0.6731518418828893,0.6730826988534852,0.1134871955773298,0.0,2022-01-24
364,0.6485835077692337,0.641817304086668,0.6335199216609634,0.6508196102228069,0.15290099396943596,0.44827230416964164,2022-01-25
365,0.6320150783300544,0.6093622421018413,0.6033773676491828,0.6110562070050066,0.13743026417408682,0.29327934681407697,2022-01-27
366,0.621190329235624,0.6266644385493859,0.6244771728135762,0.6274489567909306,0.13074610987766278,0.476029239399002,2022-01-28
367,0.6629428233768864,0.6469758064769763,0.6599783414303934,0.672750320347168,0.11395426013719945,0.49743839061472406,2022-01-31
368,0.687022285035493,0.6641705414539477,0.6686862206417407,0.6817220860336816,0.08940838740742608,0.39919907445409786,2022-02-01
369,0.6916614301872559,0.6805055483598922,0.6877765109519646,0.7068649249469429,0.06845600880503565,0.5302288395303238,2022-02-02
370,0.6976261017797718,0.6779263241730175,0.6903442788039015,0.6852664569964518,0.0579321361795966,0.35451516435169783,2022-02-03
371,0.6806158011158077,0.6542835015827367,0.6722586381949501,0.6708674329186418,0.05586413093886873,0.37042719739065244,2022-02-04
372,0.6693492999276434,0.6456860912403996,0.6444604585262047,0.6381927716263821,0.06257515141411946,0.23082551314177943,2022-02-07
373,0.6461536073600971,0.6284914213364096,0.6418929284212217,0.6453923518315107,0.057338437821377916,0.42847772477979534,2022-02-08
374,0.6527809529375355,0.639130682621932,0.6616529632314309,0.6646648519000177,0.040092072733430406,0.5117222615727769,2022-02-09
375,0.670453897036819,0.6477280299302149,0.6681280508674382,0.6750764245615993,0.04652019731744427,0.46332537572572363,2022-02-10
376,0.656315421823042,0.6289212265292942,0.647809623702487,0.6480505618873648,0.06419144945833714,0.3791544977786802,2022-02-11
377,0.620969528175817,0.6098996359081771,0.6096291841594167,0.6042998435857835,0.06787007199196807,0.32108959357055544,2022-02-14
378,0.611249285427715,0.6273092196928499,0.6168856684110998,0.6522594171978747,0.05606408049527019,0.7132139031135704,2022-02-15
379,0.6544377789501399,0.6381634362897665,0.6488144587456689,0.6534779566111081,0.060349180775814595,0.4271330803266242,2022-02-16
380,0.669570246958441,0.6426771744114198,0.656852587913494,0.6556932225459512,0.058604527214454,0.34314246037289664,2022-02-17
381,0.6408516061751732,0.6282764855636443,0.6439022944628084,0.6502658278222079,0.0548434371127111,0.4961614202632748,2022-02-18
382,0.6336720273611867,0.6433219631512014,0.6440141102987197,0.668763005263387,0.07381992703337338,0.6683193040861078,2022-02-21
383,0.6347765160490033,0.6353692905206015,0.6455768747830722,0.6540317390117071,0.09203203825891178,0.5622830304834128,2022-02-22
384,0.6633846762284734,0.6394531028134703,0.6602017027821466,0.6605665622042013,0.05943165197150521,0.41496643614421064,2022-02-23
385,0.6165512180475801,0.609362234146274,0.5898690645026544,0.5942205130980717,0.11718461891190798,0.2823221926388351,2022-02-24
386,0.6165512727708693,0.6133385228108533,0.6263750275200765,0.634316158489742,0.06640190621339219,0.5542768034651091,2022-02-25
387,0.6231786918031754,0.6162401381417785,0.6187835721664047,0.635534561570528,0.07742389878635766,0.5170723642247447,2022-02-28
388,0.6320151579659326,0.6123713232941169,0.6328501784061867,0.6342054565426011,0.06838826331366935,0.4483118682660445,2022-03-02
389,0.6496881497140397,0.6503073209334483,0.6550662543303184,0.6659939569279446,0.11238515744344979,0.5411369692623371,2022-03-03
390,0.6452698796520171,0.6590121132506402,0.6409997366466053,0.6787314974715103,0.11715922586146109,0.6552249214453163,2022-03-04
391,0.6496881656746585,0.6582599375378725,0.6593086083892689,0.671088973145371,0.09029287210076596,0.5747738822679533,2022-03-07
392,0.6695701590308789,0.6821175038158754,0.6810781157418319,0.7056465218661568,0.09456339761740268,0.6677430303988995,2022-03-08
393,0.7049161373088144,0.6942613810634549,0.7037409233769053,0.7013268282760586,0.10140991828243838,0.41033701420781293,2022-03-09
394,0.7203799892733957,0.6944762622773676,0.7092111261956985,0.7074187073475419,0.06750372337801522,0.3519361890287581,2022-03-10
395,0.7027069734426923,0.680505483778228,0.7042990763749674,0.7028774735307147,0.038801759585558905,0.43412323309512996,2022-03-11
396,0.7013816200272822,0.7037184410092877,0.7123370983103362,0.7293495538043503,0.06218423838443336,0.6103289614214578,2022-03-14
397,0.7395994602277427,0.7099516495606996,0.708541401603021,0.706200440599203,0.056875461192762225,0.2271229318168319,2022-03-15
398,0.7209322301167849,0.700816815464076,0.7268501080035269,0.7295709576986321,0.044432369292955645,0.48684195715832085,2022-03-16
399,0.7424711742589154,0.7256417223920116,0.7413631888811231,0.7361059172235734,0.07081515024887491,0.39362845435306415,2022-03-17
400,0.7426921247783882,0.7363885351504046,0.7391305004558933,0.7334477071677193,0.06488425252830722,0.37594767912286764,2022-03-21
401,0.7389366530231272,0.7256417417510929,0.7349998383154598,0.7557106594659505,0.06482692942022805,0.5360875177769961,2022-03-22
402,0.7622429381265459,0.7342391941439769,0.7607885044928363,0.7582583039071108,0.04555351206051125,0.40846390163659535,2022-03-23
403,0.7468895234405084,0.7316599640670686,0.7565461762563402,0.7568183605995956,0.02878587686779098,0.4934990928144834,2022-03-24
404,0.7557260188253314,0.7320898666622705,0.7374559354596565,0.7408686912671297,0.04828044762552605,0.3422535956075649,2022-03-25
405,0.7490986399289608,0.7213431316754771,0.7371209508771733,0.7338907876211774,0.045935485042342405,0.33971406005076793,2022-03-28
406,0.7380530465034361,0.7134979878547624,0.7416982767433483,0.7389858038386038,0.03638407049567474,0.43851721856990933,2022-03-29
407,0.7426920171994422,0.7219877959007689,0.7424795638563472,0.7352197563166573,0.06440462034194736,0.38683335052756695,2022-03-30
408,0.7314255627221549,0.7090917425917757,0.7217147441813113,0.7155043121271393,0.05974315417446742,0.33418893338056704,2022-03-31
409,0.7130899030930984,0.70930677953443,0.7197052112885239,0.7374350222515004,0.03254467441349281,0.5858903188615728,2022-04-01
410,0.7424711997909295,0.7159696980696594,0.7413632144306533,0.7458528692049678,0.03387027819311303,0.4535099560581586,2022-04-04
411,0.7546001374119806,0.7333237034721539,0.7503585497973465,0.7426141555888602,0.05231449000194214,0.3596683185184901,2022-04-05
412,0.7380051401400294,0.7084004708038875,0.734486428954027,0.7301055172241734,0.031015880195035567,0.38407299026317754,2022-04-06
413,0.7246400635650225,0.6953970450639225,0.7040929534364505,0.7017378706044205,0.06547616471836538,0.29026551977648113,2022-04-07
414,0.7112749869900159,0.6845608569472849,0.7108470591070232,0.7079922579529875,0.03286065124390868,0.4123254991537791,2022-04-08
415,0.7068199614650135,0.6786009534831342,0.682930034036937,0.6799595801560488,0.07211760749882744,0.26346802216602383,2022-04-11
416,0.6711797572649953,0.6433833421040621,0.6561388306579113,0.6522621438468191,0.06831654958272994,0.31053116821917326,2022-04-12
417,0.6533596551649865,0.6379652480457433,0.6525365585193604,0.6533789792544279,0.04468224869438013,0.4335822047837008,2022-04-13
418,0.6307503462429642,0.6040479263295929,0.610661158326863,0.6073652786614773,0.08024672580184541,0.27688048352391326,2022-04-18
419,0.6177194509649684,0.5947288310048221,0.5882600137036044,0.5891609433169221,0.05426417541261452,0.24025715123951244,2022-04-19
420,0.5998993488649593,0.5838926428881844,0.600192239572423,0.6026746244824991,0.032972719485402376,0.4530253213100967,2022-04-20
421,0.6110369126774648,0.5881187827092106,0.6137004509135681,0.608705562950076,0.05473729821294612,0.41794956193203264,2022-04-21
422,0.5976718361024582,0.5845427877196453,0.5986163915127279,0.6053550567272498,0.03813533472063971,0.48689837981652184,2022-04-22
423,0.5864229238431453,0.5635206885955181,0.582068750172246,0.5867038236207144,0.03671442874189846,0.43602185809329824,2022-04-25
424,0.6021268616274604,0.577824403998405,0.5906239232057783,0.5864805110721717,0.03323863757206199,0.3265144747077633,2022-04-26
425,0.5798517340024492,0.5545265995476342,0.5622567343544261,0.5634737289419199,0.06802443743206692,0.31957266662897665,2022-04-27
426,0.5731691957149456,0.5537681192905443,0.5656337871897125,0.5715148893437244,0.05405853589784606,0.42256006813474867,2022-04-28
427,0.5831930031462007,0.5577774559826253,0.5453714701779947,0.5408019156344824,0.10428264752179205,0.13842787553922475,2022-04-29
428,0.5542353372336861,0.537188698561014,0.5129517767005095,0.5099772856509691,0.1948413456386939,0.11791024913248083,2022-05-02
429,0.5197088894149187,0.5043550617953708,0.5054096782937735,0.5027178555015118,0.07259470774578453,0.3094872733055216,2022-05-04
430,0.5219364021774198,0.5040299893796404,0.5212817991370927,0.5237143475313125,0.043139864866619186,0.4478096628265374,2022-05-05
431,0.49743376178990717,0.47628930811774206,0.4868358876996989,0.48786395821355966,0.07799891603530994,0.36300691345744096,2022-05-06
432,0.47961365968989833,0.4729301162571219,0.472427142677074,0.48350827285739595,0.06986663971332775,0.4649893556646776,2022-05-09
433,0.48184117245239944,0.4607935723387192,0.47591673645767674,0.4712230833736991,0.06201433143992757,0.35414218716493484,2022-05-10
434,0.47526998261170306,0.456892571072267,0.44529811034315114,0.458379476186198,0.08991081625546345,0.30555658516835627,2022-05-11
435,0.4486512458867915,0.4439974807579309,0.44439757666167135,0.4626234371018668,0.060188876786934645,0.5456059714240605,2022-05-12
436,0.47404487778364546,0.4515828124395772,0.4553167279036935,0.45112004603674094,0.07032730537179763,0.25903275883264254,2022-05-13
437,0.46179355758988927,0.4404215519072091,0.4508139907899785,0.44966817364009415,0.026772184029016065,0.3411195608591569,2022-05-16
438,0.45511101930238573,0.47217156986118847,0.45824347954508193,0.4913261207106575,0.04522028121394691,0.71892954768878,2022-05-17
439,0.4994385096804994,0.48571680500698544,0.4859353540182191,0.47926431194172714,0.06395441389497408,0.28348699408201894,2022-05-18
440,0.44430756880859645,0.4392295315310729,0.41704346243711543,0.4120308067704329,0.09873410027220282,0.18039416561263594,2022-05-19
441,0.43506340443987557,0.4140896280115486,0.42830030522140305,0.430905352425511,0.05171337996656256,0.4025718125974981,2022-05-20
442,0.4390729002210598,0.426226105791108,0.43392872661354687,0.4452008320096589,0.05806466249146483,0.4844010638763864,2022-05-23
443,0.4494308889493259,0.4301271731964035,0.4350544108919757,0.43168715084408193,0.0565357946165886,0.2959431611107613,2022-05-24
444,0.4309424922335896,0.4111638439922878,0.4017341837330106,0.3979587079010516,0.06437120794888289,0.17157153294800925,2022-05-25
445,0.39942320023985756,0.3978353458365923,0.4035352510959703,0.4169449098304011,0.04642471097727576,0.5810358090349562,2022-05-26
446,0.43060837891487336,0.4265512443456817,0.43111451591747507,0.44732284655060506,0.04564851042690395,0.56974638029018,2022-05-27
447,0.4599001581461042,0.4559172876862322,0.4691626307871041,0.4680959578656393,0.049684311350323425,0.4992909905561511,2022-05-30
448,0.4660258182429824,0.4542918594687365,0.46297136725574595,0.4721165380665414,0.13851328974481497,0.48254264099402366,2022-05-31
449,0.47281977295558764,0.4503908582022845,0.4586937807389798,0.45581076838194245,0.04150576959016298,0.3043756626046904,2022-06-01
450,0.4568930023210689,0.4449727641439657,0.4577932470575,0.46340523552043755,0.041600022185313404,0.4863564771834348,2022-06-02
451,0.4743789911023617,0.470004332237861,0.4722019920801249,0.46642070475422603,0.10022472205151836,0.3741048727469675,2022-06-03
452,0.45733853206488684,0.44291386194626725,0.4490129234270187,0.46128328914571515,0.05658963745887048,0.46627810028736694,2022-06-06
453,0.45288350653988463,0.4326194832354614,0.451151682332244,0.4488863752215232,0.01474444067589561,0.40417557904059637,2022-06-07
454,0.4552223677491929,0.4353285302646209,0.4492380053176518,0.4550289699633717,0.01900873301807527,0.43398291441069675,2022-06-08
455,0.44631231669918847,0.4443225531736613,0.44912546437233536,0.4654155256208886,0.02717808613996668,0.5863791437000525,2022-06-09
456,0.4466464979961995,0.42492581612818625,0.4312270568627915,0.43392082165929946,0.07344748335074909,0.3351966747073733,2022-06-10
457,0.40844459973666924,0.3941510154213981,0.4057866196528278,0.4007507964200736,0.058153298784667254,0.373078676306683,2022-06-13
458,0.3860581236648507,0.3956681082132647,0.3900270397548251,0.4003040349905407,0.05320709531547569,0.5557518845072335,2022-06-14
459,0.40488063369930316,0.3890579937788098,0.39295379139621356,0.387348771528768,0.045543200161852614,0.29203411449761646,2022-06-15
460,0.39942320023985756,0.3806057802756011,0.34893956359217526,0.3475893901181608,0.07571052158191081,0.007809654442098635,2022-06-16
461,0.33259781736482363,0.31992312682243074,0.3090903126532706,0.30939367371091886,0.18438071625601038,0.23158333593772873,2022-06-17
462,0.3170052280273157,0.3180809616148337,0.3138182003639346,0.3305018220149909,0.08862871579830936,0.559087295935404,2022-06-20
463,0.34150786841482816,0.3372610278090509,0.34196030732465377,0.3539553655747756,0.049208564540065294,0.5463062064333198,2022-06-21
464,0.3475221800648991,0.32848374189011187,0.3276641032473453,0.3229073548764958,0.06769198918495435,0.22230973326864478,2022-06-22
465,0.32480152269606966,0.32436593749471476,0.3299154718042028,0.34032995996870363,0.0835840429039802,0.5760866842637486,2022-06-23
466,0.34373538117732927,0.3356355995915552,0.3399340893647451,0.3396598859906278,0.06382152850806327,0.40133982521304695,2022-06-24
467,0.357100457752336,0.34592997830236094,0.3585078799588197,0.3533969478709712,0.05040578518138547,0.4048504678642336,2022-06-27
468,0.3459628939398304,0.34235404945163916,0.3398215484194286,0.3586460879199773,0.048766736510752175,0.5477789658304186,2022-06-28
469,0.34150786841482816,0.33303488798802483,0.34364883374229693,0.34412722762106296,0.06990773078807194,0.4600477307036669,2022-06-29
470,0.3457401290679213,0.32913388672157273,0.33824556294710195,0.33362894752305083,0.04891154503048704,0.3311761922672727,2022-06-30
471,0.33037030460232253,0.3295673607017756,0.3301406224011517,0.346919316140085,0.03410643908650057,0.5842275130785961,2022-07-01
472,0.3436240327305221,0.3264248396924133,0.34049693150395954,0.34312204848772554,0.022438654652985557,0.4326300946532528,2022-07-04
473,0.34395814604923836,0.32924222214720167,0.3338553667787034,0.3281564949255019,0.04610305339554527,0.2986969435824431,2022-07-05
474,0.3383893641429855,0.3195980544067003,0.3339679764303358,0.33362894752305083,0.04154418141266641,0.3951862314984165,2022-07-06
475,0.34150786841482816,0.3311927889192712,0.3431986012547149,0.3442388838953344,0.04238715150685289,0.46102770270545057,2022-07-07
476,0.3504179194648327,0.33281821713676685,0.3417351567277048,0.34044168440919864,0.036998300580686955,0.3501902041645708,2022-07-08
477,0.3298134264116972,0.3117959857349526,0.316970102602272,0.32279569860222435,0.06993258062242878,0.37486885087406396,2022-07-11
478,0.3170052280273157,0.31147091331922216,0.32248598304909926,0.3182166325312942,0.038112538058962225,0.4483641600508419,2022-07-12
479,0.3236877663148191,0.30529427286497,0.31651987011468996,0.31274417993374526,0.04814503950626482,0.3394248836959648,2022-07-13
480,0.3205692620429764,0.30226015342008017,0.3056007188726678,0.3010174081538529,0.053689811864380786,0.26185944169134684,2022-07-14
481,0.29907377748049946,0.2881731088684514,0.2842127175825213,0.28404149632495446,0.09589085201455003,0.29954121629396124,2022-07-15
482,0.2947301004023044,0.2916407022935441,0.29693293618750316,0.30838849457758144,0.05585877243438718,0.5640017197583759,2022-07-18
483,0.30364015145230894,0.29619184839145707,0.30717670434499444,0.3103987846780326,0.052474186325365414,0.4994871256314683,2022-07-19
484,0.3210147238084998,0.3172140797932713,0.3204597650891906,0.3248059887026755,0.10928277669673685,0.4714011788575606,2022-07-20
485,0.31667111470859943,0.3172140797932713,0.3103286065833317,0.3290499496183442,0.20202048948483728,0.5490595920592344,2022-07-21
486,0.3320409391741983,0.31699734280316993,0.3248498925512734,0.3220139001836535,0.06431152783539602,0.34830199383579563,2022-07-22
487,0.32034649717106745,0.3132046769623468,0.32372420827284454,0.3308368590040288,0.050809937952385066,0.5315933601834644,2022-07-25
488,0.32992477485850435,0.31266286755651485,0.3141558919062001,0.30939367371091886,0.06301221019030297,0.2547851554421159,2022-07-26
489,0.307983828530504,0.2953249665698948,0.3088652307626375,0.31263245549325014,0.05793847983868214,0.47990997982059175,2022-07-27
490,0.32324223657100093,0.3161304609816076,0.329014938122723,0.3335172912487794,0.06629068502071689,0.529322114687414,2022-07-28
491,0.3428443896679878,0.3319512691763611,0.34454936742377673,0.3507165837924443,0.06638883219902142,0.5060310860664371,2022-07-29
492,0.3553184747336531,0.3462550507180914,0.35535597772048233,0.3625550118466081,0.04082068203008213,0.4994376367487517,2022-08-01
493,0.36144413483053117,0.34788047893558693,0.35997125577951394,0.3638952279689833,0.07095848564022998,0.45782131439127294,2022-08-02
494,0.36155548327733833,0.35080626295484785,0.3663876699078211,0.37003782271083174,0.0485048419059799,0.5096410564944901,2022-08-03
495,0.37948693382415455,0.36662707114960125,0.3654871362263412,0.37707387214552246,0.07499443387648744,0.4161436661310698,2022-08-04
496,0.3774821859335624,0.3703114015647955,0.3858619941833755,0.38712539081400155,0.052798311397132085,0.5180261717256371,2022-08-05
497,0.39229513220853607,0.3720451652079201,0.38372323527815044,0.3778556705640933,0.03709987278247453,0.3161110760321231,2022-08-08
498,0.37492055985234507,0.3573079758248303,0.36368600015706576,0.36512371965086354,0.045258453653088615,0.3535425861561422,2022-08-10
499,0.3816030981398485,0.3703114015647955,0.386199685725641,0.3860085554063928,0.021409204920020457,0.4735424206727322,2022-08-11
